{
"lengthUnit": "mil",
"components": {
	"fields": ["COMPONENT_NO", "COMPONENT_NAME", "LAYER", "X_COORDINATE", "Y_COORDINATE", "ANGLE"],
	"rows": [
		[1, " Install%0AUPDATE", "T", 65, 810, 0],
		[2, "C1", "T", 1740, 1925, 180],
		[3, "C2", "T", 1480, 1925, 0],
		[4, "C3", "T", 750, 2060, 90],
		[5, "C4", "B", 1030, 2370, 90],
		[6, "C5", "B", 940, 2370, 90],
		[7, "C6", "T", 75, 1265, 180],
		[8, "CLD1", "T", 810, 785, 0],
		[9, "CLD2", "T", 810, 660, 0],
		[10, "CLD3", "T", 810, 540, 0],
		[11, "CLD4", "T", 810, 420, 0],
		[12, "CLD5", "T", 810, 300, 0],
		[13, "D1", "T", 535, 1945, 270],
		[14, "D2", "T", 360, 1945, 270],
		[15, "D3", "T", 810, 125, 180],
		[16, "F1", "T", 825, 1405, 90],
		[17, "H1", "T", 1460, 1020, 270],
		[18, "H2", "T", 1985, 2105, 270],
		[19, "J upload", "T", 1720, 60, 0],
		[20, "LED1", "T", 75, 1095, 180],
		[21, "LED2", "T", 65, 530, 180],
		[22, "LED3", "T", 2040, 720, 180],
		[23, "LED SD", "T", 2040, 280, 180],
		[24, "OC1", "T", 1105, 2050, 270],
		[25, "Q1", "B", 75, 1205, 90],
		[26, "R1", "T", 805, 1030, 0],
		[27, "R2", "T", 1415, 355, 270],
		[28, "R3", "T", 75, 1175, 0],
		[29, "R4", "B", 5, 1020, 180],
		[30, "R5", "B", 160, 1020, 180],
		[31, "R6", "B", 120, 1630, 180],
		[32, "R7", "T", -105, 580, 90],
		[33, "R8", "B", 1965, 845, 180],
		[34, "R9", "B", 1965, 470, 180],
		[35, "R10", "B", 1965, 385, 180],
		[36, "Tuya RST", "T", 65, 1445, 0],
		[37, "U1", "T", 820, 940, 270],
		[38, "U5", "T", 1305, 240, 180],
		[39, "U6", "B", 520, 2075, 270],
		[40, "VR1", "T", 1605, 2270, 0],
		[41, "X1", "T", 1695, 1515, 270],
		[42, "X2", "T", 1695, 1120, 270],
		[43, "X3", "T", 1695, 725, 270],
		[44, "X4", "T", 1695, 330, 270],
		[45, "PAD1", "T", 1415, 278.38, 0],
		[46, "PAD2", "T", 1415, 420, 0],
		[47, "PAD3", "B", 715, 560, 0],
		[48, "PAD4", "B", 815, 560, 0]
	]
},
"pins": {
	"fields": ["PIN_NO", "PIN_NAME", "PIN_X", "PIN_Y", "LAYER", "PIN_TYPE", "NET_NAME", "NET_TYPE", "PAD_SHAPE", "PAD_SIZEX", "PAD_SIZEY", "HOLE_SIZE", "PAD_ANGLE"],
	"rows": [
		[1, " Install%250AUPDATE_1", -62.95, 898.59, "T", "DIP", "U1_24", "", "R", 62.99, 62.99, 39.37, 90],
		[2, " Install%250AUPDATE_1", -62.95, 898.59, "B", "DIP", "U1_24", "", "R", 62.99, 62.99, 39.37, 90],
		[3, " Install%250AUPDATE_2", 192.95, 898.58, "T", "DIP", "U1_24", "", "C", 62.99, 62.99, 39.37, 90],
		[4, " Install%250AUPDATE_2", 192.95, 898.58, "B", "DIP", "U1_24", "", "C", 62.99, 62.99, 39.37, 90],
		[5, " Install%250AUPDATE_3", -62.95, 721.42, "T", "DIP", "GND", "GND", "C", 62.99, 62.99, 39.37, 90],
		[6, " Install%250AUPDATE_3", -62.95, 721.42, "B", "DIP", "GND", "GND", "C", 62.99, 62.99, 39.37, 90],
		[7, " Install%250AUPDATE_4", 192.95, 721.42, "T", "DIP", "GND", "GND", "C", 62.99, 62.99, 39.37, 90],
		[8, " Install%250AUPDATE_4", 192.95, 721.42, "B", "DIP", "GND", "GND", "C", 62.99, 62.99, 39.37, 90],
		[9, "C1_1", 1810.81, 1925, "T", "SMD", "U1_30", "", "R", 74.8, 93.54, 0, 180],
		[10, "C1_2", 1669.19, 1925, "T", "SMD", "GND", "GND", "R", 74.8, 93.54, 0, 180],
		[11, "C2_1", 1409.19, 1925, "T", "SMD", "1_1", "", "R", 74.8, 93.54, 0, 0],
		[12, "C2_2", 1550.81, 1925, "T", "SMD", "GND", "GND", "R", 74.8, 93.54, 0, 0],
		[13, "C3_1", 750, 2178.11, "T", "SMD", "1_1", "", "R", 110.2, 118.5, 0, 270],
		[14, "C3_2", 750, 1941.89, "T", "SMD", "GND", "GND", "R", 110.2, 118.5, 0, 270],
		[15, "C4_1", 1030, 2330.63, "B", "SMD", "C4_1", "", "R", 55.51, 53.15, 0, 90],
		[16, "C4_2", 1030, 2409.37, "B", "SMD", "GND", "GND", "R", 55.51, 53.15, 0, 90],
		[17, "C5_1", 940, 2330.63, "B", "SMD", "C5_1", "", "R", 55.51, 53.15, 0, 90],
		[18, "C5_2", 940, 2409.37, "B", "SMD", "C5_2", "", "R", 55.51, 53.15, 0, 90],
		[19, "C6_1", 114.37, 1265, "T", "SMD", "GND", "GND", "R", 55.51, 53.15, 0, 180],
		[20, "C6_2", 35.63, 1265, "T", "SMD", "C6_2", "", "R", 55.51, 53.15, 0, 180],
		[21, "CLD1_1", 880.87, 785, "T", "SMD", "D3_1", "", "R", 49.21, 70.87, 0, 0],
		[22, "CLD1_2", 739.13, 785, "T", "SMD", "D3_2", "", "R", 49.21, 70.87, 0, 0],
		[23, "CLD2_1", 880.87, 660, "T", "SMD", "D3_1", "", "R", 49.21, 70.87, 0, 0],
		[24, "CLD2_2", 739.13, 660, "T", "SMD", "D3_2", "", "R", 49.21, 70.87, 0, 0],
		[25, "CLD3_1", 880.87, 540, "T", "SMD", "D3_1", "", "R", 49.21, 70.87, 0, 0],
		[26, "CLD3_2", 739.13, 540, "T", "SMD", "D3_2", "", "R", 49.21, 70.87, 0, 0],
		[27, "CLD4_1", 880.87, 420, "T", "SMD", "D3_1", "", "R", 49.21, 70.87, 0, 0],
		[28, "CLD4_2", 739.13, 420, "T", "SMD", "D3_2", "", "R", 49.21, 70.87, 0, 0],
		[29, "CLD5_1", 880.87, 300, "T", "SMD", "D3_1", "", "R", 49.21, 70.87, 0, 0],
		[30, "CLD5_2", 739.13, 300, "T", "SMD", "D3_2", "", "R", 49.21, 70.87, 0, 0],
		[31, "D1_1", 535, 2031.61, "T", "SMD", "1_1", "", "R", 78.74, 78.74, 0, 90],
		[32, "D1_2", 535, 1858.39, "T", "SMD", "D1_2", "", "R", 78.74, 78.74, 0, 90],
		[33, "D2_1", 360, 2031.32, "T", "SMD", "1_1", "", "R", 70.87, 66.93, 0, 270],
		[34, "D2_2", 360, 1858.68, "T", "SMD", "GND", "GND", "R", 70.87, 66.93, 0, 270],
		[35, "D3_1", 896.61, 125, "T", "SMD", "D3_1", "", "R", 78.74, 78.74, 0, 0],
		[36, "D3_2", 723.39, 125, "T", "SMD", "D3_2", "", "R", 78.74, 78.74, 0, 0],
		[37, "F1_1", 825, 1280, "T", "SMD", "D1_2", "", "R", 220.47, 90.55, 0, 0],
		[38, "F1_2", 825, 1530, "T", "SMD", "F1_2", "", "R", 220.47, 90.55, 0, 0],
		[39, "H1_1", 1460, 1220, "T", "DIP", "F1_2", "", "R", 62, 62, 35, 270],
		[40, "H1_1", 1460, 1220, "B", "DIP", "F1_2", "", "R", 62, 62, 35, 270],
		[41, "H1_2", 1460, 1120, "T", "DIP", "GND", "GND", "C", 62, 62, 35, 270],
		[42, "H1_2", 1460, 1120, "B", "DIP", "GND", "GND", "C", 62, 62, 35, 270],
		[43, "H1_3", 1460, 1020, "T", "DIP", "GND", "GND", "C", 62, 62, 35, 270],
		[44, "H1_3", 1460, 1020, "B", "DIP", "GND", "GND", "C", 62, 62, 35, 270],
		[45, "H1_4", 1460, 920, "T", "DIP", "X3_2", "", "C", 62, 62, 35, 270],
		[46, "H1_4", 1460, 920, "B", "DIP", "X3_2", "", "C", 62, 62, 35, 270],
		[47, "H1_5", 1460, 820, "T", "DIP", "GND", "GND", "C", 62, 62, 35, 270],
		[48, "H1_5", 1460, 820, "B", "DIP", "GND", "GND", "C", 62, 62, 35, 270],
		[49, "H1_6", 1460, 720, "T", "DIP", "R1_2", "", "C", 62, 62, 35, 270],
		[50, "H1_6", 1460, 720, "B", "DIP", "R1_2", "", "C", 62, 62, 35, 270],
		[51, "H2_1", 1985, 2155, "T", "DIP", "U1_30", "", "R", 70.87, 70.87, 39.37, 270],
		[52, "H2_1", 1985, 2155, "B", "DIP", "U1_30", "", "R", 70.87, 70.87, 39.37, 270],
		[53, "H2_2", 1985, 2055, "T", "DIP", "GND", "GND", "C", 70.87, 70.87, 39.37, 270],
		[54, "H2_2", 1985, 2055, "B", "DIP", "GND", "GND", "C", 70.87, 70.87, 39.37, 270],
		[55, "J upload_1", 1670, 60, "T", "DIP", "R1_2", "", "R", 70.87, 70.87, 39.37, 0],
		[56, "J upload_1", 1670, 60, "B", "DIP", "R1_2", "", "R", 70.87, 70.87, 39.37, 0],
		[57, "J upload_2", 1770, 60, "T", "DIP", "R1_2", "", "C", 70.87, 70.87, 39.37, 0],
		[58, "J upload_2", 1770, 60, "B", "DIP", "R1_2", "", "C", 70.87, 70.87, 39.37, 0],
		[59, "LED1_1", 134.74, 1095, "T", "SMD", "LED1_1", "", "R", 64.37, 62.99, 0, 180],
		[60, "LED1_2", 15.26, 1095, "T", "SMD", "LED1_2", "", "R", 64.37, 62.99, 0, 180],
		[61, "LED2_1", 124.74, 530, "T", "SMD", "U1_25", "", "R", 64.37, 62.99, 0, 180],
		[62, "LED2_2", 5.26, 530, "T", "SMD", "LED2_2", "", "R", 64.37, 62.99, 0, 180],
		[63, "LED3_1", 2099.74, 720, "T", "SMD", "F1_2", "", "R", 64.37, 62.99, 0, 180],
		[64, "LED3_2", 1980.26, 720, "T", "SMD", "LED3_2", "", "R", 64.37, 62.99, 0, 180],
		[65, "LED SD_1", 2099.74, 280, "T", "SMD", "LED SD_1", "", "R", 64.37, 62.99, 0, 180],
		[66, "LED SD_2", 1980.26, 280, "T", "SMD", "LED SD_2", "", "R", 64.37, 62.99, 0, 180],
		[67, "OC1_1", 955, 2200, "T", "DIP", "OC1_1", "", "R", 70.87, 70.87, 39.37, 270],
		[68, "OC1_1", 955, 2200, "B", "DIP", "OC1_1", "", "R", 70.87, 70.87, 39.37, 270],
		[69, "OC1_2", 955, 2100, "T", "DIP", "OC1_2", "", "C", 70.87, 70.87, 39.37, 270],
		[70, "OC1_2", 955, 2100, "B", "DIP", "OC1_2", "", "C", 70.87, 70.87, 39.37, 270],
		[71, "OC1_3", 955, 2000, "T", "DIP", "GND", "GND", "C", 70.87, 70.87, 39.37, 270],
		[72, "OC1_3", 955, 2000, "B", "DIP", "GND", "GND", "C", 70.87, 70.87, 39.37, 270],
		[73, "OC1_4", 955, 1900, "T", "DIP", "OC1_4", "", "C", 70.87, 70.87, 39.37, 270],
		[74, "OC1_4", 955, 1900, "B", "DIP", "OC1_4", "", "C", 70.87, 70.87, 39.37, 270],
		[75, "OC1_5", 1255, 1900, "T", "DIP", "GND", "GND", "C", 70.87, 70.87, 39.37, 270],
		[76, "OC1_5", 1255, 1900, "B", "DIP", "GND", "GND", "C", 70.87, 70.87, 39.37, 270],
		[77, "OC1_6", 1255, 2000, "T", "DIP", "D3_1", "", "C", 70.87, 70.87, 39.37, 270],
		[78, "OC1_6", 1255, 2000, "B", "DIP", "D3_1", "", "C", 70.87, 70.87, 39.37, 270],
		[79, "OC1_7", 1255, 2100, "T", "DIP", "D3_1", "", "C", 70.87, 70.87, 39.37, 270],
		[80, "OC1_7", 1255, 2100, "B", "DIP", "D3_1", "", "C", 70.87, 70.87, 39.37, 270],
		[81, "OC1_8", 1255, 2200, "T", "DIP", "1_1", "", "C", 70.87, 70.87, 39.37, 270],
		[82, "OC1_8", 1255, 2200, "B", "DIP", "1_1", "", "C", 70.87, 70.87, 39.37, 270],
		[83, "Q1_1", 37.6, 1244.37, "B", "SMD", "GND", "GND", "R", 49.21, 27.56, 0, 90],
		[84, "Q1_2", 112.4, 1244.37, "B", "SMD", "Q1_2", "", "R", 49.21, 27.56, 0, 90],
		[85, "Q1_3", 75, 1165.63, "B", "SMD", "Q1_3", "", "R", 49.21, 27.56, 0, 90],
		[86, "R1_1", 702.64, 1030, "T", "SMD", "D3_2", "", "R", 70.87, 125.98, 0, 0],
		[87, "R1_2", 923.11, 1030, "T", "SMD", "R1_2", "", "R", 70.87, 125.98, 0, 0],
		[88, "R2_1", 1420.01, 150.01, "T", "DIP", "U1_1", "", "C", 59.05, 59.05, 28, 90],
		[89, "R2_1", 1420.01, 150.01, "B", "DIP", "U1_1", "", "C", 59.05, 59.05, 28, 90],
		[90, "R2_2", 1420.01, 550.01, "T", "DIP", "OC1_2", "", "C", 59.05, 59.05, 28, 90],
		[91, "R2_2", 1420.01, 550.01, "B", "DIP", "OC1_2", "", "C", 59.05, 59.05, 28, 90],
		[92, "R3_1", 35.63, 1175, "T", "SMD", "R3_1", "", "R", 44.59, 54.21, 0, 0],
		[93, "R3_2", 114.37, 1175, "T", "SMD", "R3_2", "", "R", 44.59, 54.21, 0, 0],
		[94, "R4_1", 44.37, 1020, "B", "SMD", "R4_1", "", "R", 44.59, 54.21, 0, 180],
		[95, "R4_2", -34.37, 1020, "B", "SMD", "R4_2", "", "R", 44.59, 54.21, 0, 180],
		[96, "R5_1", 199.37, 1020, "B", "SMD", "GND", "GND", "R", 44.59, 54.21, 0, 180],
		[97, "R5_2", 120.63, 1020, "B", "SMD", "R5_2", "", "R", 44.59, 54.21, 0, 180],
		[98, "R6_1", 159.37, 1630, "B", "SMD", "R6_1", "", "R", 44.59, 54.21, 0, 180],
		[99, "R6_2", 80.63, 1630, "B", "SMD", "R6_2", "", "R", 44.59, 54.21, 0, 180],
		[100, "R7_1", -105, 540.63, "T", "SMD", "R7_1", "", "R", 44.59, 54.21, 0, 90],
		[101, "R7_2", -105, 619.37, "T", "SMD", "U1_24", "", "R", 44.59, 54.21, 0, 90],
		[102, "R8_1", 2004.37, 845, "B", "SMD", "X3_2", "", "R", 44.59, 54.21, 0, 180],
		[103, "R8_2", 1925.63, 845, "B", "SMD", "R8_2", "", "R", 44.59, 54.21, 0, 180],
		[104, "R9_1", 2004.37, 470, "B", "SMD", "F1_2", "", "R", 44.59, 54.21, 0, 180],
		[105, "R9_2", 1925.63, 470, "B", "SMD", "R9_2", "", "R", 44.59, 54.21, 0, 180],
		[106, "R10_1", 2004.37, 385, "B", "SMD", "R1_2", "", "R", 44.59, 54.21, 0, 180],
		[107, "R10_2", 1925.63, 385, "B", "SMD", "R10_2", "", "R", 44.59, 54.21, 0, 180],
		[108, "Tuya RST_1", -62.95, 1533.59, "T", "DIP", "Tuya RST_1", "", "R", 62.99, 62.99, 39.37, 90],
		[109, "Tuya RST_1", -62.95, 1533.59, "B", "DIP", "Tuya RST_1", "", "R", 62.99, 62.99, 39.37, 90],
		[110, "Tuya RST_2", 192.95, 1533.58, "T", "DIP", "Tuya RST_2", "", "C", 62.99, 62.99, 39.37, 90],
		[111, "Tuya RST_2", 192.95, 1533.58, "B", "DIP", "Tuya RST_2", "", "C", 62.99, 62.99, 39.37, 90],
		[112, "Tuya RST_3", -62.95, 1356.42, "T", "DIP", "Tuya RST_3", "", "C", 62.99, 62.99, 39.37, 90],
		[113, "Tuya RST_3", -62.95, 1356.42, "B", "DIP", "Tuya RST_3", "", "C", 62.99, 62.99, 39.37, 90],
		[114, "Tuya RST_4", 192.95, 1356.42, "T", "DIP", "Tuya RST_4", "", "C", 62.99, 62.99, 39.37, 90],
		[115, "Tuya RST_4", 192.95, 1356.42, "B", "DIP", "Tuya RST_4", "", "C", 62.99, 62.99, 39.37, 90],
		[116, "U1_1", 1120, 240, "T", "DIP", "U1_A_1", "", "R", 62.99, 62.99, 35.43, 270],
		[117, "U1_1", 1120, 240, "B", "DIP", "U1_A_1", "", "R", 62.99, 62.99, 35.43, 270],
		[118, "U1_2", 1120, 340, "T", "DIP", "U1_2", "", "C", 62.99, 62.99, 35.43, 270],
		[119, "U1_2", 1120, 340, "B", "DIP", "U1_2", "", "C", 62.99, 62.99, 35.43, 270],
		[120, "U1_3", 1120, 440, "T", "DIP", "U1_3", "", "C", 62.99, 62.99, 35.43, 270],
		[121, "U1_3", 1120, 440, "B", "DIP", "U1_3", "", "C", 62.99, 62.99, 35.43, 270],
		[122, "U1_4", 1120, 540, "T", "DIP", "U1_4", "", "C", 62.99, 62.99, 35.43, 270],
		[123, "U1_4", 1120, 540, "B", "DIP", "U1_4", "", "C", 62.99, 62.99, 35.43, 270],
		[124, "U1_5", 1120, 640, "T", "DIP", "U1_5", "", "C", 62.99, 62.99, 35.43, 270],
		[125, "U1_5", 1120, 640, "B", "DIP", "U1_5", "", "C", 62.99, 62.99, 35.43, 270],
		[126, "U1_6", 1120, 740, "T", "DIP", "U1_6", "", "C", 62.99, 62.99, 35.43, 270],
		[127, "U1_6", 1120, 740, "B", "DIP", "U1_6", "", "C", 62.99, 62.99, 35.43, 270],
		[128, "U1_7", 1120, 840, "T", "DIP", "U1_7", "", "C", 62.99, 62.99, 35.43, 270],
		[129, "U1_7", 1120, 840, "B", "DIP", "U1_7", "", "C", 62.99, 62.99, 35.43, 270],
		[130, "U1_8", 1120, 940, "T", "DIP", "U1_8", "", "C", 62.99, 62.99, 35.43, 270],
		[131, "U1_8", 1120, 940, "B", "DIP", "U1_8", "", "C", 62.99, 62.99, 35.43, 270],
		[132, "U1_9", 1120, 1040, "T", "DIP", "U1_9", "", "C", 62.99, 62.99, 35.43, 270],
		[133, "U1_9", 1120, 1040, "B", "DIP", "U1_9", "", "C", 62.99, 62.99, 35.43, 270],
		[134, "U1_10", 1120, 1140, "T", "DIP", "U1_10", "", "C", 62.99, 62.99, 35.43, 270],
		[135, "U1_10", 1120, 1140, "B", "DIP", "U1_10", "", "C", 62.99, 62.99, 35.43, 270],
		[136, "U1_11", 1120, 1240, "T", "DIP", "U1_11", "", "C", 62.99, 62.99, 35.43, 270],
		[137, "U1_11", 1120, 1240, "B", "DIP", "U1_11", "", "C", 62.99, 62.99, 35.43, 270],
		[138, "U1_12", 1120, 1340, "T", "DIP", "U1_12", "", "C", 62.99, 62.99, 35.43, 270],
		[139, "U1_12", 1120, 1340, "B", "DIP", "U1_12", "", "C", 62.99, 62.99, 35.43, 270],
		[140, "U1_13", 1120, 1440, "T", "DIP", "U1_13", "", "C", 62.99, 62.99, 35.43, 270],
		[141, "U1_13", 1120, 1440, "B", "DIP", "U1_13", "", "C", 62.99, 62.99, 35.43, 270],
		[142, "U1_14", 1120, 1540, "T", "DIP", "U1_14", "", "C", 62.99, 62.99, 35.43, 270],
		[143, "U1_14", 1120, 1540, "B", "DIP", "U1_14", "", "C", 62.99, 62.99, 35.43, 270],
		[144, "U1_15", 1120, 1640, "T", "DIP", "U1_15", "", "C", 62.99, 62.99, 35.43, 270],
		[145, "U1_15", 1120, 1640, "B", "DIP", "U1_15", "", "C", 62.99, 62.99, 35.43, 270],
		[146, "U1_16", 520, 1640, "T", "DIP", "U1_16", "", "C", 62.99, 62.99, 35.43, 270],
		[147, "U1_16", 520, 1640, "B", "DIP", "U1_16", "", "C", 62.99, 62.99, 35.43, 270],
		[148, "U1_17", 520, 1540, "T", "DIP", "U1_17", "", "C", 62.99, 62.99, 35.43, 270],
		[149, "U1_17", 520, 1540, "B", "DIP", "U1_17", "", "C", 62.99, 62.99, 35.43, 270],
		[150, "U1_18", 520, 1440, "T", "DIP", "U1_18", "", "C", 62.99, 62.99, 35.43, 270],
		[151, "U1_18", 520, 1440, "B", "DIP", "U1_18", "", "C", 62.99, 62.99, 35.43, 270],
		[152, "U1_19", 520, 1340, "T", "DIP", "U1_19", "", "C", 62.99, 62.99, 35.43, 270],
		[153, "U1_19", 520, 1340, "B", "DIP", "U1_19", "", "C", 62.99, 62.99, 35.43, 270],
		[154, "U1_20", 520, 1240, "T", "DIP", "U1_20", "", "C", 62.99, 62.99, 35.43, 270],
		[155, "U1_20", 520, 1240, "B", "DIP", "U1_20", "", "C", 62.99, 62.99, 35.43, 270],
		[156, "U1_21", 520, 1140, "T", "DIP", "U1_21", "", "C", 62.99, 62.99, 35.43, 270],
		[157, "U1_21", 520, 1140, "B", "DIP", "U1_21", "", "C", 62.99, 62.99, 35.43, 270],
		[158, "U1_22", 520, 1040, "T", "DIP", "U1_22", "", "C", 62.99, 62.99, 35.43, 270],
		[159, "U1_22", 520, 1040, "B", "DIP", "U1_22", "", "C", 62.99, 62.99, 35.43, 270],
		[160, "U1_23", 520, 940, "T", "DIP", "U1_23", "", "C", 62.99, 62.99, 35.43, 270],
		[161, "U1_23", 520, 940, "B", "DIP", "U1_23", "", "C", 62.99, 62.99, 35.43, 270],
		[162, "U1_24", 520, 840, "T", "DIP", "U1_24", "", "C", 62.99, 62.99, 35.43, 270],
		[163, "U1_24", 520, 840, "B", "DIP", "U1_24", "", "C", 62.99, 62.99, 35.43, 270],
		[164, "U1_25", 520, 740, "T", "DIP", "U1_25", "", "C", 62.99, 62.99, 35.43, 270],
		[165, "U1_25", 520, 740, "B", "DIP", "U1_25", "", "C", 62.99, 62.99, 35.43, 270],
		[166, "U1_26", 520, 640, "T", "DIP", "U1_26", "", "C", 62.99, 62.99, 35.43, 270],
		[167, "U1_26", 520, 640, "B", "DIP", "U1_26", "", "C", 62.99, 62.99, 35.43, 270],
		[168, "U1_27", 520, 540, "T", "DIP", "U1_27", "", "C", 62.99, 62.99, 35.43, 270],
		[169, "U1_27", 520, 540, "B", "DIP", "U1_27", "", "C", 62.99, 62.99, 35.43, 270],
		[170, "U1_28", 520, 440, "T", "DIP", "U1_28", "", "C", 62.99, 62.99, 35.43, 270],
		[171, "U1_28", 520, 440, "B", "DIP", "U1_28", "", "C", 62.99, 62.99, 35.43, 270],
		[172, "U1_29", 520, 340, "T", "DIP", "GND", "GND", "C", 62.99, 62.99, 35.43, 270],
		[173, "U1_29", 520, 340, "B", "DIP", "GND", "GND", "C", 62.99, 62.99, 35.43, 270],
		[174, "U1_30", 520, 240, "T", "DIP", "U1_30", "", "R", 62.99, 62.99, 35.43, 270],
		[175, "U1_30", 520, 240, "B", "DIP", "U1_30", "", "R", 62.99, 62.99, 35.43, 270],
		[176, "U5_1", 1305, 240, "T", "DIP", "U5_1", "", "C", 70, 70, 36, 90],
		[177, "U5_1", 1305, 240, "B", "DIP", "U5_1", "", "C", 70, 70, 36, 90],
		[178, "U5_2", 1305, 340, "T", "DIP", "U1_2", "", "C", 70, 70, 36, 90],
		[179, "U5_2", 1305, 340, "B", "DIP", "U1_2", "", "C", 70, 70, 36, 90],
		[180, "U5_3", 1305, 440, "T", "DIP", "U1_3", "", "C", 70, 70, 36, 90],
		[181, "U5_3", 1305, 440, "B", "DIP", "U1_3", "", "C", 70, 70, 36, 90],
		[182, "U5_4", 1305, 540, "T", "DIP", "U1_4", "", "C", 70, 70, 36, 90],
		[183, "U5_4", 1305, 540, "B", "DIP", "U1_4", "", "C", 70, 70, 36, 90],
		[184, "U5_5", 1305, 640, "T", "DIP", "U1_5", "", "C", 70, 70, 36, 90],
		[185, "U5_5", 1305, 640, "B", "DIP", "U1_5", "", "C", 70, 70, 36, 90],
		[186, "U5_6", 1305, 740, "T", "DIP", "U1_6", "", "C", 70, 70, 36, 90],
		[187, "U5_6", 1305, 740, "B", "DIP", "U1_6", "", "C", 70, 70, 36, 90],
		[188, "U5_7", 1305, 840, "T", "DIP", "U1_7", "", "C", 70, 70, 36, 90],
		[189, "U5_7", 1305, 840, "B", "DIP", "U1_7", "", "C", 70, 70, 36, 90],
		[190, "U5_8", 1305, 940, "T", "DIP", "U1_8", "", "C", 70, 70, 36, 90],
		[191, "U5_8", 1305, 940, "B", "DIP", "U1_8", "", "C", 70, 70, 36, 90],
		[192, "U5_9", 1305, 1040, "T", "DIP", "U1_9", "", "C", 70, 70, 36, 90],
		[193, "U5_9", 1305, 1040, "B", "DIP", "U1_9", "", "C", 70, 70, 36, 90],
		[194, "U5_10", 1305, 1140, "T", "DIP", "U1_10", "", "C", 70, 70, 36, 90],
		[195, "U5_10", 1305, 1140, "B", "DIP", "U1_10", "", "C", 70, 70, 36, 90],
		[196, "U5_11", 1305, 1240, "T", "DIP", "U1_11", "", "C", 70, 70, 36, 90],
		[197, "U5_11", 1305, 1240, "B", "DIP", "U1_11", "", "C", 70, 70, 36, 90],
		[198, "U5_12", 1305, 1340, "T", "DIP", "U1_12", "", "C", 70, 70, 36, 90],
		[199, "U5_12", 1305, 1340, "B", "DIP", "U1_12", "", "C", 70, 70, 36, 90],
		[200, "U5_13", 1305, 1440, "T", "DIP", "U1_13", "", "C", 70, 70, 36, 90],
		[201, "U5_13", 1305, 1440, "B", "DIP", "U1_13", "", "C", 70, 70, 36, 90],
		[202, "U5_14", 1305, 1540, "T", "DIP", "U1_14", "", "C", 70, 70, 36, 90],
		[203, "U5_14", 1305, 1540, "B", "DIP", "U1_14", "", "C", 70, 70, 36, 90],
		[204, "U5_15", 1305, 1640, "T", "DIP", "U1_15", "", "C", 70, 70, 36, 90],
		[205, "U5_15", 1305, 1640, "B", "DIP", "U1_15", "", "C", 70, 70, 36, 90],
		[206, "U5_16", 307.5, 1640, "T", "DIP", "U1_16", "", "C", 70, 70, 36, 90],
		[207, "U5_16", 307.5, 1640, "B", "DIP", "U1_16", "", "C", 70, 70, 36, 90],
		[208, "U5_17", 307.5, 1540, "T", "DIP", "U1_17", "", "C", 70, 70, 36, 90],
		[209, "U5_17", 307.5, 1540, "B", "DIP", "U1_17", "", "C", 70, 70, 36, 90],
		[210, "U5_18", 307.5, 1440, "T", "DIP", "U1_18", "", "C", 70, 70, 36, 90],
		[211, "U5_18", 307.5, 1440, "B", "DIP", "U1_18", "", "C", 70, 70, 36, 90],
		[212, "U5_19", 307.5, 1340, "T", "DIP", "U1_19", "", "C", 70, 70, 36, 90],
		[213, "U5_19", 307.5, 1340, "B", "DIP", "U1_19", "", "C", 70, 70, 36, 90],
		[214, "U5_20", 307.5, 1240, "T", "DIP", "U1_20", "", "C", 70, 70, 36, 90],
		[215, "U5_20", 307.5, 1240, "B", "DIP", "U1_20", "", "C", 70, 70, 36, 90],
		[216, "U5_21", 307.5, 1140, "T", "DIP", "U1_21", "", "C", 70, 70, 36, 90],
		[217, "U5_21", 307.5, 1140, "B", "DIP", "U1_21", "", "C", 70, 70, 36, 90],
		[218, "U5_22", 307.5, 1040, "T", "DIP", "U1_22", "", "C", 70, 70, 36, 90],
		[219, "U5_22", 307.5, 1040, "B", "DIP", "U1_22", "", "C", 70, 70, 36, 90],
		[220, "U5_23", 307.5, 940, "T", "DIP", "U1_23", "", "C", 70, 70, 36, 90],
		[221, "U5_23", 307.5, 940, "B", "DIP", "U1_23", "", "C", 70, 70, 36, 90],
		[222, "U5_24", 307.5, 840, "T", "DIP", "U1_24", "", "C", 70, 70, 36, 90],
		[223, "U5_24", 307.5, 840, "B", "DIP", "U1_24", "", "C", 70, 70, 36, 90],
		[224, "U5_25", 307.5, 740, "T", "DIP", "U1_25", "", "C", 70, 70, 36, 90],
		[225, "U5_25", 307.5, 740, "B", "DIP", "U1_25", "", "C", 70, 70, 36, 90],
		[226, "U5_26", 307.5, 640, "T", "DIP", "U1_26", "", "C", 70, 70, 36, 90],
		[227, "U5_26", 307.5, 640, "B", "DIP", "U1_26", "", "C", 70, 70, 36, 90],
		[228, "U5_27", 307.5, 540, "T", "DIP", "U1_27", "", "C", 70, 70, 36, 90],
		[229, "U5_27", 307.5, 540, "B", "DIP", "U1_27", "", "C", 70, 70, 36, 90],
		[230, "U5_28", 307.5, 440, "T", "DIP", "U1_28", "", "C", 70, 70, 36, 90],
		[231, "U5_28", 307.5, 440, "B", "DIP", "U1_28", "", "C", 70, 70, 36, 90],
		[232, "U5_29", 307.5, 340, "T", "DIP", "GND", "GND", "C", 70, 70, 36, 90],
		[233, "U5_29", 307.5, 340, "B", "DIP", "GND", "GND", "C", 70, 70, 36, 90],
		[234, "U5_30", 307.5, 240, "T", "DIP", "U1_30", "", "C", 70, 70, 36, 90],
		[235, "U5_30", 307.5, 240, "B", "DIP", "U1_30", "", "C", 70, 70, 36, 90],
		[236, "U6_1", 245, 2385, "B", "SMD", "U6_1", "", "R", 80.4, 47.24, 0, 270],
		[237, "U6_2", 323.15, 2373.23, "B", "SMD", "U6_2", "", "R", 98.42, 47.24, 0, 270],
		[238, "U6_3", 401.89, 2373.23, "B", "SMD", "U6_3", "", "R", 98.42, 47.24, 0, 270],
		[239, "U6_4", 480.63, 2373.23, "B", "SMD", "U6_4", "", "R", 98.42, 47.24, 0, 270],
		[240, "U6_5", 559.37, 2373.23, "B", "SMD", "U6_5", "", "R", 98.42, 47.24, 0, 270],
		[241, "U6_6", 638.11, 2373.23, "B", "SMD", "U6_6", "", "R", 98.42, 47.24, 0, 270],
		[242, "U6_7", 716.85, 2373.23, "B", "SMD", "U6_7", "", "R", 98.42, 47.24, 0, 270],
		[243, "U6_8", 795.59, 2373.23, "B", "SMD", "U6_8", "", "R", 98.42, 47.24, 0, 270],
		[244, "U6_9", 795.59, 1762.99, "B", "SMD", "GND", "GND", "R", 98.42, 47.24, 0, 90],
		[245, "U6_10", 716.85, 1762.99, "B", "SMD", "U6_10", "", "R", 98.42, 47.24, 0, 90],
		[246, "U6_11", 638.11, 1762.99, "B", "SMD", "U6_11", "", "R", 98.42, 47.24, 0, 90],
		[247, "U6_12", 559.37, 1762.99, "B", "SMD", "U6_12", "", "R", 98.42, 47.24, 0, 90],
		[248, "U6_13", 480.63, 1762.99, "B", "SMD", "U6_13", "", "R", 98.42, 47.24, 0, 90],
		[249, "U6_14", 401.89, 1762.99, "B", "SMD", "U6_14", "", "R", 98.42, 47.24, 0, 90],
		[250, "U6_15", 323.15, 1762.99, "B", "SMD", "U6_15", "", "R", 98.42, 47.24, 0, 90],
		[251, "U6_16", 244.41, 1762.99, "B", "SMD", "U6_16", "", "R", 98.42, 47.24, 0, 90],
		[252, "U6_17", 561.34, 2044.14, "B", "SMD", "U6_17", "", "R", 137.79, 137.79, 0, 270],
		[253, "VR1_1", 1505, 2210.94, "T", "DIP", "1_1", "", "R", 70.87, 70.87, 31.7, 0],
		[254, "VR1_1", 1505, 2210.94, "B", "DIP", "1_1", "", "R", 70.87, 70.87, 31.7, 0],
		[255, "VR1_2", 1605, 2210.94, "T", "DIP", "GND", "GND", "P", 65.48, 65.47, 31.7, 0],
		[256, "VR1_2", 1605, 2210.94, "B", "DIP", "GND", "GND", "P", 65.48, 65.47, 31.7, 0],
		[257, "VR1_3", 1705, 2210.94, "T", "DIP", "U1_30", "", "P", 65.48, 65.47, 31.7, 0],
		[258, "VR1_3", 1705, 2210.94, "B", "DIP", "U1_30", "", "P", 65.48, 65.47, 31.7, 0],
		[259, "X1_1", 1695, 1613.42, "T", "DIP", "F1_2", "", "C", 78.74, 78.74, 47.44, 270],
		[260, "X1_1", 1695, 1613.42, "B", "DIP", "F1_2", "", "C", 78.74, 78.74, 47.44, 270],
		[261, "X1_2", 1695, 1416.57, "T", "DIP", "GND", "GND", "C", 78.74, 78.74, 47.44, 270],
		[262, "X1_2", 1695, 1416.57, "B", "DIP", "GND", "GND", "C", 78.74, 78.74, 47.44, 270],
		[263, "X2_1", 1695, 1218.42, "T", "DIP", "F1_2", "", "C", 78.74, 78.74, 47.44, 270],
		[264, "X2_1", 1695, 1218.42, "B", "DIP", "F1_2", "", "C", 78.74, 78.74, 47.44, 270],
		[265, "X2_2", 1695, 1021.57, "T", "DIP", "GND", "GND", "C", 78.74, 78.74, 47.44, 270],
		[266, "X2_2", 1695, 1021.57, "B", "DIP", "GND", "GND", "C", 78.74, 78.74, 47.44, 270],
		[267, "X3_1", 1695, 823.42, "T", "DIP", "GND", "GND", "C", 78.74, 78.74, 47.44, 270],
		[268, "X3_1", 1695, 823.42, "B", "DIP", "GND", "GND", "C", 78.74, 78.74, 47.44, 270],
		[269, "X3_2", 1695, 626.57, "T", "DIP", "X3_2", "", "C", 78.74, 78.74, 47.44, 270],
		[270, "X3_2", 1695, 626.57, "B", "DIP", "X3_2", "", "C", 78.74, 78.74, 47.44, 270],
		[271, "X4_1", 1695, 428.42, "T", "DIP", "GND", "GND", "C", 78.74, 78.74, 47.44, 270],
		[272, "X4_1", 1695, 428.42, "B", "DIP", "GND", "GND", "C", 78.74, 78.74, 47.44, 270],
		[273, "X4_2", 1695, 231.57, "T", "DIP", "R1_2", "", "C", 78.74, 78.74, 47.44, 270],
		[274, "X4_2", 1695, 231.57, "B", "DIP", "R1_2", "", "C", 78.74, 78.74, 47.44, 270],
		[275, "PAD1_1", 1415, 278.38, "T", "SMD", "U1_1", "", "R", 74.8, 93.54, 0, 90],
		[276, "PAD2_2", 1415, 420, "T", "SMD", "OC1_2", "", "R", 74.8, 93.54, 0, 90],
		[277, "PAD3_1", 715, 560, "B", "SMD", "U1_7", "", "R", 74.8, 93.54, 0, 180],
		[278, "PAD4_1", 815, 560, "B", "SMD", "U1_1", "", "R", 74.8, 93.54, 0, 180]
	]
}
}